{"Ada": [0.6881407535138544, 0.6906000464831343, 0.6893166795552951, 0.6879047287105728, 0.693455539258397, 0.6991806855645863, 0.6937453422059028, 0.6978172600422577, 0.694485265891113, 0.6931905387358758], "Gradient": [0.6924520052847376, 0.6913559355461067, 0.6934289181241501, 0.6856184576743652, 0.6928683205470905, 0.7001775498857763, 0.6925060477041647, 0.6947247382179437, 0.691769849341384, 0.6943408762885628], "XGB": [0.6919323504166572, 0.6905402888447949, 0.6963482876245985, 0.6885532389833671, 0.6938402484461885, 0.7021586096595416, 0.693821668490729, 0.6981304264954362, 0.6940910888892293, 0.6946245941445698]}