{"no": [0.6783885283645448, 0.6814056013653234, 0.6769520181829454, 0.6756820438658746, 0.6756338389419463, 0.6848380065697801, 0.6832165863534889, 0.6824335075983179, 0.683727597675636, 0.6887585164656242], "l1": [0.6890560252047093, 0.6867220256161222, 0.686373652071091, 0.6851838676408808, 0.6941513547924572, 0.7002109844742657, 0.6896275109201162, 0.6930824927775954, 0.692051375910807, 0.6924251055627293], "l2": [0.6871595378909727, 0.6874275565602747, 0.6863343346827822, 0.6795364377408927, 0.686024783446757, 0.7003910540466005, 0.6927205100175572, 0.6891931542827702, 0.6891161173286783, 0.6933740212336842], "elastic": [0.6916709853968059, 0.6878088528225927, 0.6863517390925538, 0.6844716110336937, 0.6913817733213203, 0.7009445595816558, 0.6945675822636019, 0.6947443836138149, 0.6911192311780187, 0.6956824226415487]}