{"lin": {"C": 0.03162277660168379}, "rbf": {"C": 1.0, "gamma": 0.05623413251903491}}