{"lin": [0.680007345610962, 0.6777976758410281, 0.6845756365152779, 0.6767253546947938, 0.6780621103976356, 0.6936066065149259, 0.6799605077054591, 0.6798095966474083, 0.6836177895821454, 0.6861322385330173], "rbf": [0.6879282004056675, 0.6856603610152535, 0.6953762834294185, 0.6865314227892835, 0.6912350310496317, 0.6929216294196971, 0.6921326729360858, 0.6929698849447196, 0.6938926142676671, 0.6888253713300443]}